{
  "collection_date": "2025-08-17T12:18:14.251594",
  "total_symbols": 215,
  "collected": 215,
  "failed": 0,
  "total_size_gb": 0.37267302721738815,
  "failed_symbols": []
}